-- ============================================
-- PROJECT: E-Commerce Sales & Customer Analytics
-- ============================================

-- ==========================
-- 1. Customers Table
-- ==========================

CREATE TABLE customers (
    customer_id INT PRIMARY KEY,
    customer_name VARCHAR(50),
    city VARCHAR(30),
    join_date DATE
);

INSERT INTO customers VALUES
(101,'Neha','Indore','2024-01-10'),
(102,'Rahul','Bhopal','2024-02-15'),
(103,'Priya','Pune','2024-03-20'),
(104,'Amit','Delhi','2024-04-12'),
(105,'Karan','Mumbai','2024-05-08'),
(106,'Sneha','Indore','2024-05-18'),
(107,'Rohit','Jaipur','2024-06-01'),
(108,'Anjali','Nagpur','2024-06-15');



-- ==========================
-- 2. Products Table
-- ==========================

CREATE TABLE products (
    product_id VARCHAR(10) PRIMARY KEY,
    product_name VARCHAR(50),
    category VARCHAR(30),
    price DECIMAL(10,2)
);

INSERT INTO products VALUES
('P101','Laptop','Electronics',60000),
('P102','Mouse','Accessories',800),
('P103','Keyboard','Accessories',1500),
('P104','Monitor','Electronics',12000),
('P105','Printer','Electronics',9000),
('P106','Webcam','Accessories',2500),
('P107','SSD 1TB','Storage',6500),
('P108','Headphones','Accessories',3000);



-- ==========================
-- 3. Employees Table
-- ==========================

CREATE TABLE employees (
    employee_id VARCHAR(10) PRIMARY KEY,
    employee_name VARCHAR(50),
    department VARCHAR(30)
);

INSERT INTO employees VALUES
('E01','Riya','Sales'),
('E02','Ankit','Sales'),
('E03','Pooja','Support'),
('E04','Vikas','Sales'),
('E05','Simran','Support');



-- ==========================
-- 4. Orders Table
-- ==========================

CREATE TABLE orders (
    order_id INT PRIMARY KEY,
    customer_id INT,
    product_id VARCHAR(10),
    employee_id VARCHAR(10),
    quantity INT,
    order_date DATE,

    FOREIGN KEY (customer_id) REFERENCES customers(customer_id),
    FOREIGN KEY (product_id) REFERENCES products(product_id),
    FOREIGN KEY (employee_id) REFERENCES employees(employee_id)
);

INSERT INTO orders VALUES
(1,101,'P101','E01',1,'2024-06-01'),
(2,102,'P102','E02',3,'2024-06-03'),
(3,101,'P103','E01',2,'2024-06-05'),
(4,103,'P104','E02',1,'2024-06-06'),
(5,104,'P105','E03',1,'2024-06-08'),
(6,105,'P101','E01',1,'2024-06-10'),
(7,103,'P102','E03',4,'2024-06-11'),
(8,102,'P104','E02',1,'2024-06-13'),
(9,106,'P106','E04',2,'2024-06-14'),
(10,107,'P108','E05',1,'2024-06-15'),
(11,108,'P107','E01',1,'2024-06-16'),
(12,106,'P101','E04',1,'2024-06-17'),
(13,101,'P108','E02',2,'2024-06-18'),
(14,105,'P103','E03',3,'2024-06-19'),
(15,108,'P102','E05',5,'2024-06-20');
------------------------------------------------------------------------------------

-- 📌 SQL Project: E-Commerce Sales & Customer Analytics
------------------------------------------------------------------------

-----------------------------------------------------

-- Q1.Display all customer details.
select * from customers 
-----------------------------------------------
-- Q2. -- Show only customers from Indore.
select city from customers 
-----------------------------------------------

-- Q3. -- Display all products whose price is greater than ₹5,000.
select  product_name  , price  from products 
where price > 5000 ; 
-----------------------------------------------------------

-- Q4. -- Show all orders placed after 10-Jun-2024.
select order_id  , order_Date  from orders 
where order_Date >'2024-06-10' ;
------------------------------------------------------------------

-- Q5. -- Display customer names in ascending order.
select customer_name  from customers 
 order by  customer_name asc     ; 
---------------------------------------------------------------

-- Q6. -- Display:

-- Customer Name
-- Product Name
-- Quantity
-- Order Date

select c.customer_name , 
p.product_name , 
o.quantity , o.order_date  from customers as c 
inner join  orders as o
on c.customer_id = o.customer_id 
inner join products as p 
on p.product_id  = p.product_id 
--------------------------------------------------------------

-- Q7.-- Calculate the total sales amount for every order.
select  o.order_id  , sum( o. quantity * p.price  ) as total_Sales from  products as p 
inner join  orders as o
on  o.product_id= p.product_id 
group by  o.order_id
order by order_id asc 

-------------------------------------------------
-- Q8. -- Find the total revenue generated by each product.
-- Product Name
-- Total Revenue
select p.product_name , sum( o. quantity * p.price  ) as total_Sales from  products as p 
inner join  orders as o
on  o.product_id= p.product_id 
group by   p.product_name
-----------------------------------------------------------
-- Q9. -- Find the number of orders placed by each customer.
-- Customer Name
-- Total Orders
select c.customer_name , count(* ) as toal_orders from customers as c
inner join orders as o
on c.customer_id = o.customer_id 
group by c.customer_name

------------------------------------------------------------



-- Q10. -- Show customers who have placed more than one order.
select c.customer_name ,count(*) order_count  from customers as c
inner join  orders as o
 on c.customer_id = o.customer_id 
 group by  c.customer_name  
 having count(*) > 1 
---------------------------------------------------------------

-- Q11. -- Find the Top 3 highest revenue-generating products.

SELECT P.product_name , sum( p.price*  o.quantity ) as revenue_g from products as p 
inner join orders as o
on p.product_id =  o. product_id 
group by P.product_name 
order by revenue_g desc 
limit 3 ; 
-----------------------------------------------------------
-- Q12.-- Find the employee who generated the highest sales revenue.

-- Expected Columns:

-- Employee Name
-- Revenue
select e. employee_name , sum (o.quantity * p. price  ) as revenue  from  employees as e 
inner join orders as  o
on e.employee_id = o.employee_id 
inner join products as p
on p.product_id = o.product_id 
group by  e. employee_name
order by  revenue  desc 
limit 1; 
---------------------------------------------------------------------------------
-- Q13. -- Find the customer who spent the highest amount.

select customer_name , sum (o.quantity * p. price  ) as revenue from customers as c
inner join orders as o
on c.customer_id = o.customer_id 
inner join products as p
on p.product_id = o.product_id 
group by  customer_name
order by  revenue  desc 
limit 1 ; 
---------------------------------------------------
-- Q14. -- Display all products that were never ordered.

select p. product_name , o.order_id  from products as  p
left join orders as o
on p.product_id= o.product_id 
where o.order_id is null ;
------------------------------------------------------------
-- Q15.-- Create a complete business report showing:

-- Order ID
-- Customer Name
-- Product Name
-- Category
-- Price
-- Quantity
-- Total Amount
-- Employee Name
-- Order Date

select o.order_id, c.customer_name , e.employee_name , p.product_name , p.category ,p.price, o.quantity ,
( o.quantity* p.price) as total_sum , o.order_date from orders as o 
inner join customers as c
on c.customer_id= o.customer_id 
inner join products as p
on p.product_id= p.product_id 
inner join employees as e
on  e.employee_id=o.employee_id 


------------------------------------

-- Q16. -- Rank customers based on their total spending using RANK().

select c.customer_name  , sum ( p.price  * o. quantity ) as total_Sum , rank() 
over( order by   sum ( p.price  * o. quantity ) desc   ) as rankk 
from customers as c 
inner join orders  as o
on c.customer_id = o.customer_id 
inner join products  as p
on  p.product_id = o.product_id 
group by c.customer_name
--------------------------------------------------------
-- Q17.-- Find the second highest-selling product based on total revenue.
select p.product_name , sum( p.price * o .quantity ) as total from products as p
inner join orders as o
on o.product_id = p.product_id 
group by p.product_name 
order by   total desc 
limit 1 offset 1 ; 

------------------------------------------------------------------
-- Q18.-- Create a CTE to calculate each customer's total purchase amount.

with cte as  ( 
select c. customer_name , sum( p.price * o .quantity ) as total from products as p
inner join orders as o
on o.product_id = p.product_id 
inner join customers as c
on c.customer_id= o.customer_id 
group by c. customer_name 
order by total desc 
)

select * from cte  ;
--------------------------------------------------

-- Q19.-- Show the running total of sales ordered by Order_Date.

select  o.order_date , sum( p.price * o .quantity) 
over ( order by order_Date asc  )
as total from products as p
inner join orders as o
on o.product_id = p.product_id 
inner join customers as c
on c.customer_id= o.customer_id  
-----------------
select * from customers --- customer_id 
select * from products--- producst_id 
select * from employees- employee_id 
select * from orders -- order_id, customer_id, product_id , employee_id , 

-- Q20.-- Classify each order using CASE WHEN:

-- Total Amount > ₹50,000 → High Value
-- ₹10,000–₹50,000 → Medium Value
-- Below ₹10,000 → Low Value


SELECT
    o.order_id,
    p.price,
    o.quantity,
    (p.price * o.quantity) AS total_amount,
    CASE
        WHEN (p.price * o.quantity) > 50000 THEN 'High Value'
        WHEN (p.price * o.quantity) BETWEEN 10000 AND 50000 THEN 'Medium Value'
        ELSE 'Low Value'
    END AS order_category
FROM orders AS o
INNER JOIN products AS p
ON o.product_id = p.product_id;
    order_id,
    total_amount,
    CASE
        WHEN total_amount > 50000 THEN 'High Value'
        WHEN total_amount BETWEEN 10000 AND 50000 THEN 'Medium Value'
        ELSE 'Low Value'
    END AS order_category
FROM orders;
----------------------------------------------END---------------------------------------------------



		   

)
